"","subjects","cluster.id"
"1","subject1",1
"2","subject2",1
"3","subject3",1
"4","subject4",1
"5","subject5",1
"6","subject6",1
"7","subject7",1
"8","subject8",1
"9","subject9",2
"10","subject10",2
"11","subject11",1
"12","subject12",1
"13","subject13",1
"14","subject14",1
"15","subject15",1
"16","subject16",1
"17","subject17",1
"18","subject18",1
"19","subject19",1
"20","subject20",1
"21","subject21",1
"22","subject22",1
"23","subject23",2
"24","subject24",1
"25","subject25",2
"26","subject26",2
"27","subject27",1
"28","subject28",1
"29","subject29",1
"30","subject30",1
"31","subject31",1
"32","subject32",2
"33","subject33",2
"34","subject34",2
"35","subject35",1
"36","subject36",1
"37","subject37",1
"38","subject38",1
"39","subject39",1
"40","subject40",1
"41","subject41",1
"42","subject42",1
"43","subject43",1
"44","subject44",1
"45","subject45",1
"46","subject46",1
"47","subject47",1
"48","subject48",1
"49","subject49",1
"50","subject50",1
"51","subject51",1
"52","subject52",1
"53","subject53",1
"54","subject54",1
"55","subject55",1
"56","subject56",2
"57","subject57",1
"58","subject58",1
"59","subject59",1
"60","subject60",1
"61","subject61",1
"62","subject62",1
"63","subject63",1
"64","subject64",1
"65","subject65",1
"66","subject66",1
"67","subject67",1
"68","subject68",1
"69","subject69",1
"70","subject70",2
"71","subject71",2
"72","subject72",2
"73","subject73",2
"74","subject74",1
"75","subject75",1
"76","subject76",1
"77","subject77",1
"78","subject78",1
"79","subject79",2
"80","subject80",1
"81","subject81",2
"82","subject82",1
"83","subject83",1
"84","subject84",1
"85","subject85",1
"86","subject86",1
"87","subject87",1
"88","subject88",1
"89","subject89",2
"90","subject90",1
"91","subject91",1
"92","subject92",1
"93","subject93",1
"94","subject94",2
"95","subject95",1
"96","subject96",1
"97","subject97",1
"98","subject98",1
"99","subject99",1
"100","subject100",1
"101","subject101",1
"102","subject102",1
"103","subject103",1
"104","subject104",1
"105","subject105",2
"106","subject106",1
"107","subject107",1
"108","subject108",1
"109","subject109",1
"110","subject110",1
"111","subject111",1
"112","subject112",1
"113","subject113",1
"114","subject114",1
"115","subject115",1
"116","subject116",1
"117","subject117",1
"118","subject118",1
"119","subject119",1
"120","subject120",1
"121","subject121",2
"122","subject122",1
"123","subject123",1
"124","subject124",2
"125","subject125",1
"126","subject126",1
"127","subject127",1
"128","subject128",2
"129","subject129",2
"130","subject130",1
"131","subject131",2
"132","subject132",1
"133","subject133",1
"134","subject134",2
"135","subject135",1
"136","subject136",1
"137","subject137",2
"138","subject138",1
"139","subject139",1
"140","subject140",1
"141","subject141",2
"142","subject142",1
"143","subject143",1
"144","subject144",1
"145","subject145",1
"146","subject146",1
"147","subject147",1
"148","subject148",2
"149","subject149",1
"150","subject150",1
"151","subject151",1
"152","subject152",1
"153","subject153",1
"154","subject154",1
"155","subject155",2
"156","subject156",2
"157","subject157",1
"158","subject158",1
"159","subject159",2
"160","subject160",1
"161","subject161",2
"162","subject162",1
"163","subject163",1
"164","subject164",1
"165","subject165",1
"166","subject166",1
"167","subject167",1
"168","subject168",1
"169","subject169",1
"170","subject170",2
"171","subject171",1
"172","subject172",2
"173","subject173",1
"174","subject174",1
"175","subject175",2
"176","subject176",1
"177","subject177",1
"178","subject178",1
"179","subject179",1
"180","subject180",1
"181","subject181",1
"182","subject182",2
"183","subject183",1
"184","subject184",1
"185","subject185",1
"186","subject186",1
"187","subject187",1
"188","subject188",2
"189","subject189",1
"190","subject190",1
"191","subject191",2
"192","subject192",1
"193","subject193",2
"194","subject194",1
"195","subject195",1
"196","subject196",1
"197","subject197",1
"198","subject198",1
"199","subject199",1
"200","subject200",1
"201","subject201",1
"202","subject202",2
"203","subject203",1
"204","subject204",1
"205","subject205",1
"206","subject206",1
"207","subject207",1
"208","subject208",1
"209","subject209",1
"210","subject210",1
"211","subject211",1
"212","subject212",1
"213","subject213",1
"214","subject214",1
"215","subject215",1
"216","subject216",1
"217","subject217",1
"218","subject218",1
"219","subject219",2
"220","subject220",1
"221","subject221",2
"222","subject222",1
"223","subject223",1
"224","subject224",1
"225","subject225",1
"226","subject226",1
"227","subject227",1
"228","subject228",1
"229","subject229",1
"230","subject230",1
"231","subject231",1
"232","subject232",1
"233","subject233",1
"234","subject234",1
"235","subject235",2
"236","subject236",1
"237","subject237",1
"238","subject238",2
"239","subject239",2
"240","subject240",1
"241","subject241",1
"242","subject242",1
"243","subject243",2
"244","subject244",1
"245","subject245",1
"246","subject246",1
"247","subject247",1
"248","subject248",1
"249","subject249",1
"250","subject250",1
"251","subject251",1
"252","subject252",1
"253","subject253",1
"254","subject254",1
"255","subject255",1
"256","subject256",1
"257","subject257",1
"258","subject258",1
"259","subject259",2
"260","subject260",2
"261","subject261",1
"262","subject262",1
"263","subject263",1
"264","subject264",1
"265","subject265",1
"266","subject266",1
"267","subject267",1
"268","subject268",1
"269","subject269",2
"270","subject270",1
"271","subject271",1
"272","subject272",2
"273","subject273",1
"274","subject274",1
"275","subject275",1
"276","subject276",2
"277","subject277",2
"278","subject278",1
"279","subject279",2
"280","subject280",1
"281","subject281",1
"282","subject282",1
"283","subject283",1
"284","subject284",1
"285","subject285",1
"286","subject286",1
"287","subject287",1
"288","subject288",1
"289","subject289",2
"290","subject290",1
"291","subject291",1
"292","subject292",2
"293","subject293",1
"294","subject294",1
"295","subject295",1
"296","subject296",1
"297","subject297",1
"298","subject298",1
"299","subject299",1
"300","subject300",1
"301","subject301",1
"302","subject302",2
"303","subject303",1
"304","subject304",1
"305","subject305",1
"306","subject306",1
"307","subject307",2
"308","subject308",1
"309","subject309",1
"310","subject310",1
"311","subject311",2
"312","subject312",1
"313","subject313",1
"314","subject314",1
"315","subject315",1
"316","subject316",2
"317","subject317",2
"318","subject318",1
"319","subject319",1
"320","subject320",1
"321","subject321",1
"322","subject322",1
"323","subject323",1
"324","subject324",1
"325","subject325",1
"326","subject326",1
"327","subject327",1
"328","subject328",1
"329","subject329",1
"330","subject330",1
"331","subject331",1
"332","subject332",1
"333","subject333",1
"334","subject334",1
"335","subject335",1
"336","subject336",1
"337","subject337",1
"338","subject338",1
"339","subject339",1
"340","subject340",1
"341","subject341",1
"342","subject342",1
"343","subject343",1
"344","subject344",1
"345","subject345",2
"346","subject346",1
"347","subject347",1
"348","subject348",2
"349","subject349",1
"350","subject350",1
"351","subject351",1
"352","subject352",1
"353","subject353",1
"354","subject354",1
"355","subject355",1
"356","subject356",1
"357","subject357",1
"358","subject358",1
"359","subject359",2
"360","subject360",1
"361","subject361",1
"362","subject362",1
"363","subject363",1
"364","subject364",1
"365","subject365",2
"366","subject366",1
"367","subject367",2
"368","subject368",1
"369","subject369",1
"370","subject370",2
"371","subject371",1
"372","subject372",1
"373","subject373",1
"374","subject374",1
"375","subject375",1
"376","subject376",1
"377","subject377",1
"378","subject378",1
"379","subject379",2
"380","subject380",1
"381","subject381",1
"382","subject382",1
"383","subject383",1
"384","subject384",2
"385","subject385",1
"386","subject386",1
"387","subject387",1
"388","subject388",1
"389","subject389",1
"390","subject390",1
"391","subject391",2
"392","subject392",1
"393","subject393",1
"394","subject394",1
"395","subject395",1
"396","subject396",1
"397","subject397",1
"398","subject398",1
"399","subject399",1
"400","subject400",1
"401","subject401",1
"402","subject402",1
"403","subject403",1
"404","subject404",2
"405","subject405",1
"406","subject406",2
"407","subject407",1
"408","subject408",2
"409","subject409",2
"410","subject410",1
"411","subject411",1
"412","subject412",1
"413","subject413",1
"414","subject414",1
"415","subject415",1
"416","subject416",1
"417","subject417",1
"418","subject418",1
"419","subject419",1
"420","subject420",1
"421","subject421",2
"422","subject422",1
"423","subject423",1
"424","subject424",2
"425","subject425",1
"426","subject426",1
"427","subject427",1
"428","subject428",1
"429","subject429",1
"430","subject430",1
"431","subject431",2
"432","subject432",2
"433","subject433",1
"434","subject434",1
"435","subject435",1
"436","subject436",1
"437","subject437",1
"438","subject438",1
"439","subject439",1
"440","subject440",1
"441","subject441",1
"442","subject442",1
"443","subject443",1
"444","subject444",2
"445","subject445",1
"446","subject446",1
"447","subject447",1
"448","subject448",1
"449","subject449",1
"450","subject450",1
"451","subject451",2
"452","subject452",1
"453","subject453",1
"454","subject454",2
"455","subject455",2
"456","subject456",1
"457","subject457",1
"458","subject458",1
"459","subject459",1
"460","subject460",1
"461","subject461",1
"462","subject462",2
"463","subject463",1
"464","subject464",2
"465","subject465",1
"466","subject466",1
"467","subject467",1
"468","subject468",1
"469","subject469",1
"470","subject470",1
"471","subject471",2
"472","subject472",1
"473","subject473",1
"474","subject474",1
"475","subject475",1
"476","subject476",1
"477","subject477",1
"478","subject478",1
"479","subject479",2
"480","subject480",1
"481","subject481",1
"482","subject482",2
"483","subject483",1
"484","subject484",1
"485","subject485",2
"486","subject486",1
"487","subject487",2
"488","subject488",1
"489","subject489",2
"490","subject490",1
"491","subject491",2
"492","subject492",2
"493","subject493",2
"494","subject494",2
"495","subject495",1
"496","subject496",1
"497","subject497",1
"498","subject498",1
"499","subject499",2
"500","subject500",1
"501","subject501",1
"502","subject502",2
"503","subject503",1
"504","subject504",1
"505","subject505",1
"506","subject506",1
"507","subject507",1
"508","subject508",1
"509","subject509",1
"510","subject510",1
"511","subject511",2
"512","subject512",1
"513","subject513",1
"514","subject514",1
"515","subject515",2
"516","subject516",1
"517","subject517",1
"518","subject518",1
"519","subject519",1
"520","subject520",1
"521","subject521",2
"522","subject522",2
"523","subject523",1
"524","subject524",2
"525","subject525",1
"526","subject526",1
"527","subject527",2
"528","subject528",1
"529","subject529",1
"530","subject530",1
"531","subject531",1
"532","subject532",1
"533","subject533",1
"534","subject534",1
"535","subject535",1
"536","subject536",1
"537","subject537",2
"538","subject538",1
"539","subject539",1
"540","subject540",1
"541","subject541",1
"542","subject542",1
"543","subject543",1
"544","subject544",2
"545","subject545",1
"546","subject546",1
"547","subject547",1
"548","subject548",1
"549","subject549",2
"550","subject550",1
"551","subject551",1
"552","subject552",1
"553","subject553",1
"554","subject554",1
"555","subject555",1
"556","subject556",1
"557","subject557",1
"558","subject558",1
"559","subject559",1
"560","subject560",1
"561","subject561",1
"562","subject562",1
"563","subject563",1
"564","subject564",1
"565","subject565",1
"566","subject566",1
"567","subject567",1
"568","subject568",2
"569","subject569",1
"570","subject570",1
"571","subject571",2
"572","subject572",1
"573","subject573",1
"574","subject574",1
"575","subject575",1
"576","subject576",1
"577","subject577",1
"578","subject578",1
"579","subject579",1
"580","subject580",1
"581","subject581",1
"582","subject582",1
"583","subject583",1
"584","subject584",1
"585","subject585",2
"586","subject586",1
"587","subject587",2
"588","subject588",1
"589","subject589",1
"590","subject590",1
"591","subject591",1
"592","subject592",1
"593","subject593",1
"594","subject594",1
"595","subject595",1
"596","subject596",1
"597","subject597",1
"598","subject598",1
"599","subject599",1
"600","subject600",1
"601","subject601",2
"602","subject602",1
"603","subject603",1
"604","subject604",1
"605","subject605",1
"606","subject606",1
"607","subject607",1
"608","subject608",1
"609","subject609",1
"610","subject610",1
"611","subject611",2
"612","subject612",2
"613","subject613",1
"614","subject614",1
"615","subject615",1
"616","subject616",1
"617","subject617",1
"618","subject618",1
"619","subject619",1
"620","subject620",1
"621","subject621",1
"622","subject622",2
"623","subject623",1
"624","subject624",2
"625","subject625",1
"626","subject626",1
"627","subject627",1
"628","subject628",1
"629","subject629",2
"630","subject630",1
"631","subject631",1
"632","subject632",1
"633","subject633",1
"634","subject634",1
"635","subject635",1
"636","subject636",2
"637","subject637",1
"638","subject638",1
"639","subject639",1
"640","subject640",1
"641","subject641",1
"642","subject642",1
"643","subject643",1
"644","subject644",1
"645","subject645",1
"646","subject646",2
"647","subject647",1
"648","subject648",1
"649","subject649",1
"650","subject650",1
"651","subject651",1
"652","subject652",1
"653","subject653",1
"654","subject654",1
"655","subject655",1
"656","subject656",1
"657","subject657",1
"658","subject658",1
"659","subject659",1
"660","subject660",1
"661","subject661",1
"662","subject662",1
"663","subject663",1
"664","subject664",1
"665","subject665",1
"666","subject666",1
"667","subject667",1
"668","subject668",2
"669","subject669",1
"670","subject670",1
"671","subject671",1
"672","subject672",1
"673","subject673",2
"674","subject674",1
"675","subject675",2
"676","subject676",1
"677","subject677",1
"678","subject678",1
"679","subject679",1
"680","subject680",1
"681","subject681",1
"682","subject682",1
"683","subject683",1
"684","subject684",1
"685","subject685",2
"686","subject686",1
"687","subject687",1
"688","subject688",1
"689","subject689",1
"690","subject690",1
"691","subject691",1
"692","subject692",2
"693","subject693",1
"694","subject694",2
"695","subject695",1
"696","subject696",1
"697","subject697",1
"698","subject698",1
"699","subject699",2
"700","subject700",1
"701","subject701",1
"702","subject702",1
"703","subject703",2
"704","subject704",1
"705","subject705",1
"706","subject706",1
"707","subject707",1
"708","subject708",1
"709","subject709",1
"710","subject710",1
"711","subject711",1
"712","subject712",1
"713","subject713",1
"714","subject714",1
"715","subject715",1
"716","subject716",1
"717","subject717",1
"718","subject718",1
"719","subject719",2
"720","subject720",1
"721","subject721",1
"722","subject722",1
"723","subject723",1
"724","subject724",1
"725","subject725",1
"726","subject726",2
"727","subject727",1
"728","subject728",2
"729","subject729",2
"730","subject730",1
"731","subject731",1
"732","subject732",1
"733","subject733",1
"734","subject734",2
"735","subject735",1
"736","subject736",2
"737","subject737",1
"738","subject738",1
"739","subject739",1
"740","subject740",1
"741","subject741",1
"742","subject742",1
"743","subject743",1
"744","subject744",2
"745","subject745",1
"746","subject746",2
"747","subject747",1
"748","subject748",1
"749","subject749",1
"750","subject750",2
"751","subject751",1
"752","subject752",1
"753","subject753",1
"754","subject754",1
"755","subject755",1
"756","subject756",1
"757","subject757",1
"758","subject758",1
"759","subject759",1
"760","subject760",1
"761","subject761",1
"762","subject762",1
"763","subject763",2
"764","subject764",1
"765","subject765",1
"766","subject766",2
"767","subject767",1
"768","subject768",1
"769","subject769",1
"770","subject770",1
"771","subject771",1
"772","subject772",1
"773","subject773",1
"774","subject774",1
"775","subject775",2
"776","subject776",1
"777","subject777",1
"778","subject778",1
"779","subject779",2
"780","subject780",1
"781","subject781",1
"782","subject782",1
"783","subject783",1
"784","subject784",1
"785","subject785",1
"786","subject786",1
"787","subject787",1
"788","subject788",1
"789","subject789",1
"790","subject790",1
"791","subject791",1
"792","subject792",1
"793","subject793",2
"794","subject794",1
"795","subject795",1
"796","subject796",2
"797","subject797",1
"798","subject798",1
"799","subject799",1
"800","subject800",1
"801","subject801",1
"802","subject802",1
"803","subject803",1
"804","subject804",1
"805","subject805",1
"806","subject806",2
"807","subject807",1
"808","subject808",1
"809","subject809",1
"810","subject810",2
"811","subject811",1
"812","subject812",1
"813","subject813",1
"814","subject814",2
"815","subject815",1
"816","subject816",1
"817","subject817",1
"818","subject818",1
"819","subject819",1
"820","subject820",1
"821","subject821",1
"822","subject822",1
"823","subject823",2
"824","subject824",2
"825","subject825",2
"826","subject826",2
"827","subject827",1
"828","subject828",1
"829","subject829",1
"830","subject830",1
"831","subject831",1
"832","subject832",1
"833","subject833",1
"834","subject834",1
"835","subject835",1
"836","subject836",1
"837","subject837",1
"838","subject838",1
"839","subject839",1
"840","subject840",1
"841","subject841",1
"842","subject842",1
"843","subject843",1
"844","subject844",1
"845","subject845",2
"846","subject846",1
"847","subject847",1
"848","subject848",1
"849","subject849",1
"850","subject850",1
"851","subject851",1
"852","subject852",1
"853","subject853",2
"854","subject854",1
"855","subject855",1
"856","subject856",1
"857","subject857",1
"858","subject858",1
"859","subject859",1
"860","subject860",1
"861","subject861",1
"862","subject862",2
"863","subject863",2
"864","subject864",1
"865","subject865",1
"866","subject866",1
"867","subject867",2
"868","subject868",1
"869","subject869",1
"870","subject870",1
"871","subject871",1
"872","subject872",1
"873","subject873",1
"874","subject874",1
"875","subject875",1
"876","subject876",1
"877","subject877",1
"878","subject878",1
"879","subject879",2
"880","subject880",2
"881","subject881",1
"882","subject882",1
"883","subject883",1
"884","subject884",1
"885","subject885",1
"886","subject886",1
"887","subject887",1
"888","subject888",1
"889","subject889",1
"890","subject890",2
"891","subject891",1
"892","subject892",1
"893","subject893",1
"894","subject894",1
"895","subject895",1
"896","subject896",1
"897","subject897",1
"898","subject898",1
"899","subject899",2
"900","subject900",1
"901","subject901",1
"902","subject902",2
"903","subject903",1
"904","subject904",2
"905","subject905",1
"906","subject906",1
"907","subject907",1
"908","subject908",1
"909","subject909",1
"910","subject910",1
"911","subject911",1
"912","subject912",2
"913","subject913",2
"914","subject914",1
"915","subject915",1
"916","subject916",1
"917","subject917",1
"918","subject918",1
"919","subject919",1
"920","subject920",1
"921","subject921",1
"922","subject922",2
"923","subject923",1
"924","subject924",2
"925","subject925",1
"926","subject926",1
"927","subject927",2
"928","subject928",1
"929","subject929",1
"930","subject930",1
"931","subject931",1
"932","subject932",1
"933","subject933",1
"934","subject934",1
"935","subject935",1
"936","subject936",1
"937","subject937",2
"938","subject938",2
"939","subject939",1
"940","subject940",1
"941","subject941",1
"942","subject942",2
"943","subject943",1
"944","subject944",1
"945","subject945",2
"946","subject946",1
"947","subject947",1
"948","subject948",1
"949","subject949",1
"950","subject950",2
"951","subject951",2
"952","subject952",1
"953","subject953",1
"954","subject954",1
"955","subject955",1
"956","subject956",1
"957","subject957",2
"958","subject958",1
"959","subject959",2
"960","subject960",1
"961","subject961",1
"962","subject962",1
"963","subject963",2
"964","subject964",1
"965","subject965",1
"966","subject966",1
"967","subject967",2
"968","subject968",1
"969","subject969",1
"970","subject970",1
"971","subject971",1
"972","subject972",1
"973","subject973",1
"974","subject974",1
"975","subject975",1
"976","subject976",1
"977","subject977",2
"978","subject978",1
"979","subject979",1
"980","subject980",1
"981","subject981",1
"982","subject982",1
"983","subject983",1
"984","subject984",1
"985","subject985",2
"986","subject986",1
"987","subject987",1
"988","subject988",1
"989","subject989",2
"990","subject990",1
"991","subject991",1
"992","subject992",1
"993","subject993",1
"994","subject994",1
"995","subject995",1
"996","subject996",1
"997","subject997",2
"998","subject998",1
"999","subject999",1
"1000","subject1000",2
"1001","subject1001",2
"1002","subject1002",1
"1003","subject1003",2
"1004","subject1004",1
"1005","subject1005",1
"1006","subject1006",2
"1007","subject1007",1
"1008","subject1008",1
"1009","subject1009",2
"1010","subject1010",1
"1011","subject1011",1
"1012","subject1012",1
"1013","subject1013",1
"1014","subject1014",1
"1015","subject1015",1
"1016","subject1016",1
"1017","subject1017",1
"1018","subject1018",2
"1019","subject1019",2
"1020","subject1020",1
"1021","subject1021",1
"1022","subject1022",1
"1023","subject1023",1
"1024","subject1024",1
"1025","subject1025",1
"1026","subject1026",1
"1027","subject1027",2
"1028","subject1028",1
"1029","subject1029",1
"1030","subject1030",1
"1031","subject1031",2
"1032","subject1032",1
"1033","subject1033",1
"1034","subject1034",1
"1035","subject1035",1
"1036","subject1036",1
"1037","subject1037",2
"1038","subject1038",1
"1039","subject1039",1
"1040","subject1040",1
"1041","subject1041",1
"1042","subject1042",1
"1043","subject1043",1
"1044","subject1044",1
"1045","subject1045",1
"1046","subject1046",2
"1047","subject1047",1
"1048","subject1048",2
"1049","subject1049",1
"1050","subject1050",1
"1051","subject1051",1
"1052","subject1052",1
"1053","subject1053",2
"1054","subject1054",1
"1055","subject1055",1
"1056","subject1056",1
"1057","subject1057",1
"1058","subject1058",1
"1059","subject1059",1
"1060","subject1060",2
"1061","subject1061",2
"1062","subject1062",1
"1063","subject1063",1
"1064","subject1064",1
"1065","subject1065",1
"1066","subject1066",1
"1067","subject1067",1
"1068","subject1068",2
"1069","subject1069",1
"1070","subject1070",1
"1071","subject1071",2
"1072","subject1072",1
"1073","subject1073",1
"1074","subject1074",1
"1075","subject1075",2
"1076","subject1076",2
"1077","subject1077",2
"1078","subject1078",1
"1079","subject1079",1
"1080","subject1080",1
"1081","subject1081",1
"1082","subject1082",2
"1083","subject1083",1
"1084","subject1084",1
"1085","subject1085",1
"1086","subject1086",1
"1087","subject1087",1
"1088","subject1088",1
"1089","subject1089",1
"1090","subject1090",2
"1091","subject1091",1
"1092","subject1092",2
"1093","subject1093",1
"1094","subject1094",1
"1095","subject1095",1
"1096","subject1096",1
"1097","subject1097",2
"1098","subject1098",2
"1099","subject1099",1
"1100","subject1100",2
"1101","subject1101",1
"1102","subject1102",1
"1103","subject1103",2
"1104","subject1104",2
"1105","subject1105",1
"1106","subject1106",1
"1107","subject1107",1
"1108","subject1108",1
"1109","subject1109",1
"1110","subject1110",1
"1111","subject1111",1
"1112","subject1112",2
"1113","subject1113",1
"1114","subject1114",2
"1115","subject1115",1
"1116","subject1116",1
"1117","subject1117",2
"1118","subject1118",1
"1119","subject1119",1
"1120","subject1120",2
"1121","subject1121",1
"1122","subject1122",1
"1123","subject1123",1
"1124","subject1124",1
"1125","subject1125",1
"1126","subject1126",1
"1127","subject1127",1
"1128","subject1128",1
"1129","subject1129",1
"1130","subject1130",2
"1131","subject1131",2
"1132","subject1132",1
"1133","subject1133",1
"1134","subject1134",1
"1135","subject1135",1
"1136","subject1136",2
"1137","subject1137",1
"1138","subject1138",1
"1139","subject1139",2
"1140","subject1140",1
"1141","subject1141",1
"1142","subject1142",1
"1143","subject1143",1
"1144","subject1144",1
"1145","subject1145",1
"1146","subject1146",1
"1147","subject1147",1
"1148","subject1148",2
"1149","subject1149",1
"1150","subject1150",1
"1151","subject1151",1
"1152","subject1152",1
"1153","subject1153",2
"1154","subject1154",1
"1155","subject1155",1
"1156","subject1156",1
"1157","subject1157",1
"1158","subject1158",2
"1159","subject1159",1
"1160","subject1160",1
"1161","subject1161",1
"1162","subject1162",1
"1163","subject1163",1
"1164","subject1164",1
"1165","subject1165",2
"1166","subject1166",1
"1167","subject1167",1
"1168","subject1168",1
"1169","subject1169",2
"1170","subject1170",1
"1171","subject1171",1
"1172","subject1172",2
"1173","subject1173",1
"1174","subject1174",1
"1175","subject1175",1
"1176","subject1176",1
"1177","subject1177",2
"1178","subject1178",1
"1179","subject1179",1
"1180","subject1180",1
"1181","subject1181",1
"1182","subject1182",1
"1183","subject1183",1
"1184","subject1184",2
"1185","subject1185",1
"1186","subject1186",2
"1187","subject1187",1
"1188","subject1188",1
"1189","subject1189",1
"1190","subject1190",1
"1191","subject1191",1
"1192","subject1192",2
"1193","subject1193",1
"1194","subject1194",1
"1195","subject1195",1
"1196","subject1196",2
"1197","subject1197",1
"1198","subject1198",2
"1199","subject1199",2
"1200","subject1200",1
"1201","subject1201",1
"1202","subject1202",1
"1203","subject1203",1
"1204","subject1204",1
"1205","subject1205",1
"1206","subject1206",1
"1207","subject1207",1
"1208","subject1208",1
"1209","subject1209",1
"1210","subject1210",1
"1211","subject1211",1
"1212","subject1212",1
"1213","subject1213",1
"1214","subject1214",2
"1215","subject1215",1
"1216","subject1216",2
"1217","subject1217",1
"1218","subject1218",1
"1219","subject1219",1
"1220","subject1220",2
"1221","subject1221",1
"1222","subject1222",1
"1223","subject1223",1
"1224","subject1224",1
"1225","subject1225",1
"1226","subject1226",1
"1227","subject1227",1
"1228","subject1228",1
"1229","subject1229",1
"1230","subject1230",2
"1231","subject1231",1
"1232","subject1232",1
"1233","subject1233",1
"1234","subject1234",1
"1235","subject1235",1
"1236","subject1236",2
"1237","subject1237",2
"1238","subject1238",2
"1239","subject1239",2
"1240","subject1240",2
"1241","subject1241",1
"1242","subject1242",2
"1243","subject1243",1
"1244","subject1244",1
"1245","subject1245",2
"1246","subject1246",1
"1247","subject1247",1
"1248","subject1248",1
"1249","subject1249",2
"1250","subject1250",2
"1251","subject1251",1
"1252","subject1252",1
"1253","subject1253",1
"1254","subject1254",1
"1255","subject1255",1
"1256","subject1256",1
"1257","subject1257",1
"1258","subject1258",1
"1259","subject1259",1
"1260","subject1260",1
"1261","subject1261",1
"1262","subject1262",1
"1263","subject1263",1
"1264","subject1264",1
"1265","subject1265",1
"1266","subject1266",1
"1267","subject1267",1
"1268","subject1268",2
"1269","subject1269",1
"1270","subject1270",1
"1271","subject1271",1
"1272","subject1272",1
"1273","subject1273",2
"1274","subject1274",2
"1275","subject1275",1
"1276","subject1276",2
"1277","subject1277",1
"1278","subject1278",1
"1279","subject1279",2
"1280","subject1280",1
"1281","subject1281",1
"1282","subject1282",1
"1283","subject1283",1
"1284","subject1284",2
"1285","subject1285",2
"1286","subject1286",1
"1287","subject1287",1
"1288","subject1288",2
"1289","subject1289",1
"1290","subject1290",1
"1291","subject1291",1
"1292","subject1292",1
"1293","subject1293",1
"1294","subject1294",1
"1295","subject1295",1
"1296","subject1296",1
"1297","subject1297",1
"1298","subject1298",1
"1299","subject1299",1
"1300","subject1300",1
"1301","subject1301",1
"1302","subject1302",1
"1303","subject1303",1
"1304","subject1304",1
"1305","subject1305",1
"1306","subject1306",1
"1307","subject1307",1
"1308","subject1308",1
"1309","subject1309",1
"1310","subject1310",1
"1311","subject1311",2
"1312","subject1312",1
"1313","subject1313",1
"1314","subject1314",1
"1315","subject1315",2
"1316","subject1316",1
"1317","subject1317",1
"1318","subject1318",1
"1319","subject1319",1
"1320","subject1320",1
"1321","subject1321",1
"1322","subject1322",1
"1323","subject1323",1
"1324","subject1324",2
"1325","subject1325",1
"1326","subject1326",1
"1327","subject1327",2
"1328","subject1328",1
"1329","subject1329",1
"1330","subject1330",1
"1331","subject1331",1
"1332","subject1332",2
"1333","subject1333",1
"1334","subject1334",1
"1335","subject1335",1
"1336","subject1336",1
"1337","subject1337",1
"1338","subject1338",1
"1339","subject1339",2
"1340","subject1340",1
"1341","subject1341",1
"1342","subject1342",1
"1343","subject1343",2
"1344","subject1344",2
"1345","subject1345",2
"1346","subject1346",1
"1347","subject1347",2
"1348","subject1348",1
"1349","subject1349",1
"1350","subject1350",1
"1351","subject1351",1
"1352","subject1352",1
"1353","subject1353",1
"1354","subject1354",1
"1355","subject1355",1
"1356","subject1356",1
"1357","subject1357",1
"1358","subject1358",2
"1359","subject1359",1
"1360","subject1360",1
"1361","subject1361",1
"1362","subject1362",1
"1363","subject1363",2
"1364","subject1364",1
"1365","subject1365",1
"1366","subject1366",1
"1367","subject1367",1
"1368","subject1368",1
"1369","subject1369",1
"1370","subject1370",1
"1371","subject1371",1
"1372","subject1372",1
"1373","subject1373",1
"1374","subject1374",1
"1375","subject1375",1
"1376","subject1376",1
"1377","subject1377",1
"1378","subject1378",1
"1379","subject1379",1
"1380","subject1380",2
"1381","subject1381",2
"1382","subject1382",2
"1383","subject1383",2
"1384","subject1384",1
"1385","subject1385",1
"1386","subject1386",1
"1387","subject1387",1
"1388","subject1388",1
"1389","subject1389",1
"1390","subject1390",1
"1391","subject1391",1
"1392","subject1392",1
"1393","subject1393",1
"1394","subject1394",2
"1395","subject1395",2
"1396","subject1396",1
"1397","subject1397",1
"1398","subject1398",2
"1399","subject1399",1
"1400","subject1400",1
"1401","subject1401",2
"1402","subject1402",2
"1403","subject1403",2
"1404","subject1404",1
"1405","subject1405",1
"1406","subject1406",1
"1407","subject1407",2
"1408","subject1408",1
"1409","subject1409",2
"1410","subject1410",1
"1411","subject1411",2
"1412","subject1412",1
"1413","subject1413",1
"1414","subject1414",1
"1415","subject1415",1
"1416","subject1416",1
"1417","subject1417",2
"1418","subject1418",1
"1419","subject1419",2
"1420","subject1420",1
"1421","subject1421",2
"1422","subject1422",1
"1423","subject1423",2
"1424","subject1424",2
"1425","subject1425",1
"1426","subject1426",1
"1427","subject1427",1
"1428","subject1428",1
"1429","subject1429",2
"1430","subject1430",1
"1431","subject1431",2
"1432","subject1432",2
"1433","subject1433",2
"1434","subject1434",2
"1435","subject1435",1
"1436","subject1436",1
"1437","subject1437",1
"1438","subject1438",1
"1439","subject1439",1
"1440","subject1440",2
"1441","subject1441",1
"1442","subject1442",2
"1443","subject1443",2
"1444","subject1444",1
"1445","subject1445",1
"1446","subject1446",1
"1447","subject1447",2
"1448","subject1448",1
"1449","subject1449",1
"1450","subject1450",1
"1451","subject1451",1
"1452","subject1452",1
"1453","subject1453",1
"1454","subject1454",1
"1455","subject1455",1
"1456","subject1456",2
"1457","subject1457",1
"1458","subject1458",2
"1459","subject1459",1
"1460","subject1460",1
"1461","subject1461",1
"1462","subject1462",2
"1463","subject1463",1
"1464","subject1464",1
"1465","subject1465",1
"1466","subject1466",2
"1467","subject1467",1
"1468","subject1468",1
"1469","subject1469",2
"1470","subject1470",1
"1471","subject1471",1
"1472","subject1472",1
"1473","subject1473",1
"1474","subject1474",1
"1475","subject1475",1
"1476","subject1476",1
"1477","subject1477",1
"1478","subject1478",1
"1479","subject1479",2
"1480","subject1480",1
"1481","subject1481",1
"1482","subject1482",1
"1483","subject1483",1
"1484","subject1484",1
"1485","subject1485",1
"1486","subject1486",1
"1487","subject1487",1
"1488","subject1488",1
"1489","subject1489",1
"1490","subject1490",1
"1491","subject1491",1
"1492","subject1492",1
"1493","subject1493",1
"1494","subject1494",2
"1495","subject1495",1
"1496","subject1496",1
"1497","subject1497",2
"1498","subject1498",1
"1499","subject1499",1
"1500","subject1500",1
"1501","subject1501",1
"1502","subject1502",2
"1503","subject1503",1
"1504","subject1504",1
"1505","subject1505",1
"1506","subject1506",1
"1507","subject1507",1
"1508","subject1508",2
"1509","subject1509",1
"1510","subject1510",1
"1511","subject1511",1
"1512","subject1512",1
"1513","subject1513",2
"1514","subject1514",2
"1515","subject1515",1
"1516","subject1516",1
"1517","subject1517",1
"1518","subject1518",2
"1519","subject1519",2
"1520","subject1520",1
"1521","subject1521",1
"1522","subject1522",1
"1523","subject1523",1
"1524","subject1524",1
"1525","subject1525",1
"1526","subject1526",1
"1527","subject1527",2
"1528","subject1528",1
"1529","subject1529",1
"1530","subject1530",1
"1531","subject1531",2
"1532","subject1532",1
"1533","subject1533",1
"1534","subject1534",1
"1535","subject1535",1
"1536","subject1536",1
"1537","subject1537",1
"1538","subject1538",1
"1539","subject1539",1
"1540","subject1540",1
"1541","subject1541",1
"1542","subject1542",1
"1543","subject1543",1
"1544","subject1544",1
"1545","subject1545",2
"1546","subject1546",1
"1547","subject1547",1
"1548","subject1548",1
"1549","subject1549",1
"1550","subject1550",1
"1551","subject1551",1
"1552","subject1552",1
"1553","subject1553",1
"1554","subject1554",2
"1555","subject1555",1
"1556","subject1556",1
"1557","subject1557",1
"1558","subject1558",2
"1559","subject1559",1
"1560","subject1560",1
"1561","subject1561",1
"1562","subject1562",2
"1563","subject1563",1
"1564","subject1564",2
"1565","subject1565",1
"1566","subject1566",1
"1567","subject1567",2
"1568","subject1568",2
"1569","subject1569",1
"1570","subject1570",1
"1571","subject1571",1
"1572","subject1572",1
"1573","subject1573",1
"1574","subject1574",1
"1575","subject1575",2
"1576","subject1576",1
"1577","subject1577",1
"1578","subject1578",1
"1579","subject1579",1
"1580","subject1580",1
"1581","subject1581",2
"1582","subject1582",1
"1583","subject1583",1
"1584","subject1584",1
"1585","subject1585",1
"1586","subject1586",2
"1587","subject1587",1
"1588","subject1588",1
"1589","subject1589",1
"1590","subject1590",1
"1591","subject1591",1
"1592","subject1592",2
"1593","subject1593",1
"1594","subject1594",1
"1595","subject1595",2
"1596","subject1596",1
"1597","subject1597",1
"1598","subject1598",1
"1599","subject1599",1
"1600","subject1600",1
"1601","subject1601",2
"1602","subject1602",1
"1603","subject1603",1
"1604","subject1604",1
"1605","subject1605",2
"1606","subject1606",1
"1607","subject1607",2
"1608","subject1608",1
"1609","subject1609",1
"1610","subject1610",1
"1611","subject1611",1
"1612","subject1612",1
"1613","subject1613",1
"1614","subject1614",2
"1615","subject1615",1
"1616","subject1616",1
"1617","subject1617",2
"1618","subject1618",2
"1619","subject1619",1
"1620","subject1620",1
"1621","subject1621",1
"1622","subject1622",1
"1623","subject1623",1
"1624","subject1624",1
"1625","subject1625",1
"1626","subject1626",1
"1627","subject1627",2
"1628","subject1628",1
"1629","subject1629",2
"1630","subject1630",1
"1631","subject1631",1
"1632","subject1632",2
"1633","subject1633",2
"1634","subject1634",2
"1635","subject1635",2
"1636","subject1636",1
"1637","subject1637",1
"1638","subject1638",2
"1639","subject1639",1
"1640","subject1640",1
"1641","subject1641",2
"1642","subject1642",1
"1643","subject1643",2
"1644","subject1644",1
"1645","subject1645",1
"1646","subject1646",1
"1647","subject1647",1
"1648","subject1648",1
"1649","subject1649",1
"1650","subject1650",1
"1651","subject1651",1
"1652","subject1652",2
"1653","subject1653",1
"1654","subject1654",2
"1655","subject1655",1
"1656","subject1656",1
"1657","subject1657",1
"1658","subject1658",1
"1659","subject1659",2
"1660","subject1660",1
"1661","subject1661",1
"1662","subject1662",1
"1663","subject1663",1
"1664","subject1664",1
"1665","subject1665",1
"1666","subject1666",1
"1667","subject1667",2
"1668","subject1668",1
"1669","subject1669",2
"1670","subject1670",1
"1671","subject1671",1
"1672","subject1672",1
"1673","subject1673",1
"1674","subject1674",1
"1675","subject1675",1
"1676","subject1676",1
"1677","subject1677",2
"1678","subject1678",1
"1679","subject1679",1
"1680","subject1680",1
"1681","subject1681",2
"1682","subject1682",1
"1683","subject1683",2
"1684","subject1684",1
"1685","subject1685",2
"1686","subject1686",1
"1687","subject1687",1
"1688","subject1688",2
"1689","subject1689",1
"1690","subject1690",1
"1691","subject1691",1
"1692","subject1692",1
"1693","subject1693",1
"1694","subject1694",1
"1695","subject1695",1
"1696","subject1696",2
"1697","subject1697",2
"1698","subject1698",1
"1699","subject1699",1
"1700","subject1700",1
"1701","subject1701",2
"1702","subject1702",2
"1703","subject1703",1
"1704","subject1704",1
"1705","subject1705",2
"1706","subject1706",1
"1707","subject1707",1
"1708","subject1708",1
"1709","subject1709",2
"1710","subject1710",1
"1711","subject1711",1
"1712","subject1712",2
"1713","subject1713",2
"1714","subject1714",1
"1715","subject1715",1
"1716","subject1716",1
"1717","subject1717",1
"1718","subject1718",1
"1719","subject1719",2
"1720","subject1720",1
"1721","subject1721",1
"1722","subject1722",1
"1723","subject1723",1
"1724","subject1724",1
"1725","subject1725",1
"1726","subject1726",2
"1727","subject1727",2
"1728","subject1728",1
"1729","subject1729",1
"1730","subject1730",1
"1731","subject1731",2
"1732","subject1732",1
"1733","subject1733",1
"1734","subject1734",1
"1735","subject1735",2
"1736","subject1736",1
"1737","subject1737",1
"1738","subject1738",1
"1739","subject1739",1
"1740","subject1740",1
"1741","subject1741",1
"1742","subject1742",1
"1743","subject1743",1
"1744","subject1744",1
"1745","subject1745",2
"1746","subject1746",1
"1747","subject1747",1
"1748","subject1748",1
"1749","subject1749",2
"1750","subject1750",1
"1751","subject1751",1
"1752","subject1752",2
"1753","subject1753",1
"1754","subject1754",1
"1755","subject1755",1
"1756","subject1756",1
"1757","subject1757",1
"1758","subject1758",1
"1759","subject1759",1
"1760","subject1760",1
"1761","subject1761",1
"1762","subject1762",2
"1763","subject1763",1
"1764","subject1764",1
"1765","subject1765",2
"1766","subject1766",1
"1767","subject1767",1
"1768","subject1768",2
"1769","subject1769",1
"1770","subject1770",1
"1771","subject1771",1
"1772","subject1772",2
"1773","subject1773",1
"1774","subject1774",2
"1775","subject1775",1
"1776","subject1776",1
"1777","subject1777",1
"1778","subject1778",1
"1779","subject1779",1
"1780","subject1780",1
"1781","subject1781",1
"1782","subject1782",1
"1783","subject1783",1
"1784","subject1784",1
"1785","subject1785",1
"1786","subject1786",1
"1787","subject1787",1
"1788","subject1788",1
"1789","subject1789",1
"1790","subject1790",1
"1791","subject1791",1
"1792","subject1792",1
"1793","subject1793",1
"1794","subject1794",1
"1795","subject1795",1
"1796","subject1796",1
"1797","subject1797",1
"1798","subject1798",1
"1799","subject1799",1
"1800","subject1800",1
"1801","subject1801",1
"1802","subject1802",1
"1803","subject1803",1
"1804","subject1804",1
"1805","subject1805",1
"1806","subject1806",1
"1807","subject1807",2
"1808","subject1808",1
"1809","subject1809",1
"1810","subject1810",1
"1811","subject1811",1
"1812","subject1812",1
"1813","subject1813",1
"1814","subject1814",1
"1815","subject1815",2
"1816","subject1816",2
"1817","subject1817",1
"1818","subject1818",1
"1819","subject1819",1
"1820","subject1820",1
"1821","subject1821",1
"1822","subject1822",1
"1823","subject1823",1
"1824","subject1824",2
"1825","subject1825",1
"1826","subject1826",2
"1827","subject1827",1
"1828","subject1828",2
"1829","subject1829",1
"1830","subject1830",1
"1831","subject1831",1
"1832","subject1832",1
"1833","subject1833",1
"1834","subject1834",1
"1835","subject1835",2
"1836","subject1836",1
"1837","subject1837",2
"1838","subject1838",1
"1839","subject1839",1
"1840","subject1840",1
"1841","subject1841",2
"1842","subject1842",1
"1843","subject1843",1
"1844","subject1844",1
"1845","subject1845",1
"1846","subject1846",1
"1847","subject1847",1
"1848","subject1848",1
"1849","subject1849",1
"1850","subject1850",1
"1851","subject1851",1
"1852","subject1852",1
"1853","subject1853",2
"1854","subject1854",1
"1855","subject1855",1
"1856","subject1856",2
"1857","subject1857",1
"1858","subject1858",1
"1859","subject1859",2
"1860","subject1860",1
"1861","subject1861",1
"1862","subject1862",2
"1863","subject1863",1
"1864","subject1864",2
"1865","subject1865",1
"1866","subject1866",1
"1867","subject1867",2
"1868","subject1868",1
"1869","subject1869",1
"1870","subject1870",1
"1871","subject1871",1
"1872","subject1872",1
"1873","subject1873",2
"1874","subject1874",1
"1875","subject1875",1
"1876","subject1876",1
"1877","subject1877",1
"1878","subject1878",1
"1879","subject1879",1
"1880","subject1880",1
"1881","subject1881",1
"1882","subject1882",1
"1883","subject1883",1
"1884","subject1884",2
"1885","subject1885",1
"1886","subject1886",2
"1887","subject1887",1
"1888","subject1888",1
"1889","subject1889",1
"1890","subject1890",1
"1891","subject1891",1
"1892","subject1892",2
"1893","subject1893",1
"1894","subject1894",2
"1895","subject1895",1
"1896","subject1896",1
"1897","subject1897",1
"1898","subject1898",1
"1899","subject1899",1
"1900","subject1900",1
"1901","subject1901",1
"1902","subject1902",1
"1903","subject1903",1
"1904","subject1904",1
"1905","subject1905",1
"1906","subject1906",1
"1907","subject1907",2
"1908","subject1908",2
"1909","subject1909",1
"1910","subject1910",1
"1911","subject1911",1
"1912","subject1912",1
"1913","subject1913",2
"1914","subject1914",1
"1915","subject1915",2
"1916","subject1916",2
"1917","subject1917",2
"1918","subject1918",1
"1919","subject1919",1
"1920","subject1920",1
"1921","subject1921",1
"1922","subject1922",1
"1923","subject1923",1
"1924","subject1924",1
"1925","subject1925",1
"1926","subject1926",1
"1927","subject1927",1
"1928","subject1928",2
"1929","subject1929",1
"1930","subject1930",1
"1931","subject1931",2
"1932","subject1932",1
"1933","subject1933",2
"1934","subject1934",1
"1935","subject1935",1
"1936","subject1936",1
"1937","subject1937",1
"1938","subject1938",1
"1939","subject1939",1
"1940","subject1940",2
"1941","subject1941",1
"1942","subject1942",1
"1943","subject1943",1
"1944","subject1944",1
"1945","subject1945",2
"1946","subject1946",1
"1947","subject1947",1
"1948","subject1948",1
"1949","subject1949",1
"1950","subject1950",1
"1951","subject1951",1
"1952","subject1952",1
"1953","subject1953",1
"1954","subject1954",1
"1955","subject1955",1
"1956","subject1956",1
"1957","subject1957",1
"1958","subject1958",2
"1959","subject1959",1
"1960","subject1960",1
"1961","subject1961",2
"1962","subject1962",2
"1963","subject1963",2
"1964","subject1964",2
"1965","subject1965",2
"1966","subject1966",1
"1967","subject1967",1
"1968","subject1968",1
"1969","subject1969",2
"1970","subject1970",1
"1971","subject1971",2
"1972","subject1972",1
"1973","subject1973",1
"1974","subject1974",1
"1975","subject1975",1
"1976","subject1976",1
"1977","subject1977",2
"1978","subject1978",1
"1979","subject1979",1
"1980","subject1980",1
"1981","subject1981",1
"1982","subject1982",1
"1983","subject1983",2
"1984","subject1984",1
"1985","subject1985",1
"1986","subject1986",1
"1987","subject1987",1
"1988","subject1988",1
"1989","subject1989",1
"1990","subject1990",1
"1991","subject1991",1
"1992","subject1992",1
"1993","subject1993",1
"1994","subject1994",1
"1995","subject1995",1
"1996","subject1996",2
"1997","subject1997",1
"1998","subject1998",1
"1999","subject1999",2
"2000","subject2000",1
"2001","subject2001",1
"2002","subject2002",1
"2003","subject2003",1
"2004","subject2004",1
"2005","subject2005",1
"2006","subject2006",2
"2007","subject2007",1
"2008","subject2008",1
"2009","subject2009",1
"2010","subject2010",1
"2011","subject2011",1
"2012","subject2012",2
"2013","subject2013",1
"2014","subject2014",1
"2015","subject2015",1
"2016","subject2016",1
"2017","subject2017",1
"2018","subject2018",1
"2019","subject2019",1
"2020","subject2020",2
"2021","subject2021",1
"2022","subject2022",2
"2023","subject2023",2
"2024","subject2024",1
"2025","subject2025",1
"2026","subject2026",2
"2027","subject2027",2
"2028","subject2028",1
"2029","subject2029",2
"2030","subject2030",1
"2031","subject2031",1
"2032","subject2032",1
"2033","subject2033",1
"2034","subject2034",1
"2035","subject2035",2
"2036","subject2036",2
"2037","subject2037",1
"2038","subject2038",1
"2039","subject2039",1
"2040","subject2040",1
"2041","subject2041",1
"2042","subject2042",1
"2043","subject2043",2
"2044","subject2044",1
"2045","subject2045",1
"2046","subject2046",1
"2047","subject2047",1
"2048","subject2048",2
"2049","subject2049",2
"2050","subject2050",2
"2051","subject2051",1
"2052","subject2052",1
"2053","subject2053",1
"2054","subject2054",1
"2055","subject2055",2
"2056","subject2056",1
"2057","subject2057",2
"2058","subject2058",2
"2059","subject2059",1
"2060","subject2060",1
"2061","subject2061",1
"2062","subject2062",1
"2063","subject2063",1
"2064","subject2064",1
"2065","subject2065",1
"2066","subject2066",1
"2067","subject2067",1
"2068","subject2068",2
"2069","subject2069",1
"2070","subject2070",2
"2071","subject2071",1
"2072","subject2072",1
"2073","subject2073",2
"2074","subject2074",1
"2075","subject2075",1
"2076","subject2076",1
"2077","subject2077",1
"2078","subject2078",1
"2079","subject2079",2
"2080","subject2080",1
"2081","subject2081",1
"2082","subject2082",1
"2083","subject2083",1
"2084","subject2084",1
"2085","subject2085",1
"2086","subject2086",1
"2087","subject2087",1
"2088","subject2088",1
"2089","subject2089",1
"2090","subject2090",1
"2091","subject2091",1
"2092","subject2092",1
"2093","subject2093",1
"2094","subject2094",2
"2095","subject2095",1
"2096","subject2096",1
"2097","subject2097",1
"2098","subject2098",1
"2099","subject2099",1
"2100","subject2100",1
"2101","subject2101",1
"2102","subject2102",1
"2103","subject2103",1
"2104","subject2104",1
"2105","subject2105",2
"2106","subject2106",1
"2107","subject2107",1
"2108","subject2108",1
"2109","subject2109",1
"2110","subject2110",1
"2111","subject2111",2
"2112","subject2112",2
"2113","subject2113",1
"2114","subject2114",1
"2115","subject2115",1
"2116","subject2116",1
"2117","subject2117",2
"2118","subject2118",1
"2119","subject2119",2
"2120","subject2120",1
"2121","subject2121",1
"2122","subject2122",1
"2123","subject2123",1
"2124","subject2124",1
"2125","subject2125",1
"2126","subject2126",1
"2127","subject2127",1
"2128","subject2128",1
"2129","subject2129",1
"2130","subject2130",1
"2131","subject2131",1
"2132","subject2132",2
"2133","subject2133",2
"2134","subject2134",1
"2135","subject2135",1
"2136","subject2136",1
"2137","subject2137",1
"2138","subject2138",2
"2139","subject2139",1
"2140","subject2140",1
"2141","subject2141",1
"2142","subject2142",1
"2143","subject2143",1
"2144","subject2144",1
"2145","subject2145",2
"2146","subject2146",1
"2147","subject2147",1
"2148","subject2148",1
"2149","subject2149",1
"2150","subject2150",1
"2151","subject2151",1
"2152","subject2152",1
"2153","subject2153",2
"2154","subject2154",1
"2155","subject2155",1
"2156","subject2156",1
"2157","subject2157",1
"2158","subject2158",1
"2159","subject2159",1
"2160","subject2160",1
"2161","subject2161",1
"2162","subject2162",1
"2163","subject2163",1
"2164","subject2164",1
"2165","subject2165",1
"2166","subject2166",1
"2167","subject2167",1
"2168","subject2168",1
"2169","subject2169",1
"2170","subject2170",1
"2171","subject2171",1
"2172","subject2172",1
"2173","subject2173",1
"2174","subject2174",1
"2175","subject2175",1
"2176","subject2176",1
"2177","subject2177",1
"2178","subject2178",1
"2179","subject2179",1
"2180","subject2180",2
"2181","subject2181",1
"2182","subject2182",1
"2183","subject2183",1
"2184","subject2184",1
"2185","subject2185",2
"2186","subject2186",1
"2187","subject2187",1
"2188","subject2188",2
"2189","subject2189",1
"2190","subject2190",2
"2191","subject2191",1
"2192","subject2192",1
"2193","subject2193",1
"2194","subject2194",1
"2195","subject2195",1
"2196","subject2196",1
"2197","subject2197",1
"2198","subject2198",2
"2199","subject2199",2
"2200","subject2200",1
"2201","subject2201",1
"2202","subject2202",1
"2203","subject2203",2
"2204","subject2204",1
"2205","subject2205",2
"2206","subject2206",1
"2207","subject2207",1
"2208","subject2208",1
"2209","subject2209",1
"2210","subject2210",1
"2211","subject2211",1
"2212","subject2212",1
"2213","subject2213",1
"2214","subject2214",1
"2215","subject2215",1
"2216","subject2216",1
"2217","subject2217",2
"2218","subject2218",1
"2219","subject2219",1
"2220","subject2220",1
"2221","subject2221",1
"2222","subject2222",1
"2223","subject2223",1
"2224","subject2224",1
"2225","subject2225",2
"2226","subject2226",1
"2227","subject2227",1
"2228","subject2228",2
"2229","subject2229",1
"2230","subject2230",1
"2231","subject2231",1
"2232","subject2232",1
"2233","subject2233",1
"2234","subject2234",1
"2235","subject2235",1
"2236","subject2236",1
"2237","subject2237",2
"2238","subject2238",2
"2239","subject2239",1
"2240","subject2240",1
"2241","subject2241",1
"2242","subject2242",1
"2243","subject2243",2
"2244","subject2244",1
"2245","subject2245",1
"2246","subject2246",2
"2247","subject2247",1
"2248","subject2248",2
"2249","subject2249",2
"2250","subject2250",1
"2251","subject2251",1
"2252","subject2252",1
"2253","subject2253",1
"2254","subject2254",1
"2255","subject2255",1
"2256","subject2256",1
"2257","subject2257",1
"2258","subject2258",2
"2259","subject2259",1
"2260","subject2260",1
"2261","subject2261",1
"2262","subject2262",1
"2263","subject2263",1
"2264","subject2264",1
"2265","subject2265",1
"2266","subject2266",1
"2267","subject2267",1
"2268","subject2268",1
"2269","subject2269",2
"2270","subject2270",1
"2271","subject2271",2
"2272","subject2272",1
"2273","subject2273",1
"2274","subject2274",1
"2275","subject2275",1
"2276","subject2276",2
"2277","subject2277",1
"2278","subject2278",2
"2279","subject2279",1
"2280","subject2280",1
"2281","subject2281",1
"2282","subject2282",1
"2283","subject2283",1
"2284","subject2284",2
"2285","subject2285",1
"2286","subject2286",1
"2287","subject2287",1
"2288","subject2288",1
"2289","subject2289",1
"2290","subject2290",1
"2291","subject2291",2
"2292","subject2292",2
"2293","subject2293",1
"2294","subject2294",1
"2295","subject2295",1
"2296","subject2296",1
"2297","subject2297",1
"2298","subject2298",1
"2299","subject2299",1
"2300","subject2300",2
"2301","subject2301",2
"2302","subject2302",1
"2303","subject2303",1
"2304","subject2304",1
"2305","subject2305",1
"2306","subject2306",1
"2307","subject2307",1
"2308","subject2308",1
"2309","subject2309",1
"2310","subject2310",1
"2311","subject2311",1
"2312","subject2312",2
"2313","subject2313",1
"2314","subject2314",1
"2315","subject2315",1
"2316","subject2316",1
"2317","subject2317",2
"2318","subject2318",2
"2319","subject2319",1
"2320","subject2320",1
"2321","subject2321",2
"2322","subject2322",1
"2323","subject2323",1
"2324","subject2324",1
"2325","subject2325",1
"2326","subject2326",1
"2327","subject2327",1
"2328","subject2328",1
"2329","subject2329",2
"2330","subject2330",2
"2331","subject2331",1
"2332","subject2332",1
"2333","subject2333",1
"2334","subject2334",1
"2335","subject2335",1
"2336","subject2336",1
"2337","subject2337",1
"2338","subject2338",1
"2339","subject2339",1
"2340","subject2340",2
"2341","subject2341",1
"2342","subject2342",2
"2343","subject2343",1
"2344","subject2344",1
"2345","subject2345",1
"2346","subject2346",1
"2347","subject2347",2
"2348","subject2348",1
"2349","subject2349",1
"2350","subject2350",1
"2351","subject2351",1
"2352","subject2352",1
"2353","subject2353",1
"2354","subject2354",2
"2355","subject2355",1
"2356","subject2356",1
"2357","subject2357",1
"2358","subject2358",1
"2359","subject2359",1
"2360","subject2360",1
"2361","subject2361",1
"2362","subject2362",2
"2363","subject2363",1
"2364","subject2364",1
"2365","subject2365",1
"2366","subject2366",1
"2367","subject2367",1
"2368","subject2368",1
"2369","subject2369",1
"2370","subject2370",1
"2371","subject2371",1
"2372","subject2372",2
"2373","subject2373",1
"2374","subject2374",2
"2375","subject2375",1
"2376","subject2376",1
"2377","subject2377",1
"2378","subject2378",2
"2379","subject2379",1
"2380","subject2380",2
"2381","subject2381",1
"2382","subject2382",1
"2383","subject2383",1
"2384","subject2384",2
"2385","subject2385",1
"2386","subject2386",1
"2387","subject2387",1
"2388","subject2388",1
"2389","subject2389",1
"2390","subject2390",1
"2391","subject2391",1
"2392","subject2392",1
"2393","subject2393",2
"2394","subject2394",2
"2395","subject2395",1
"2396","subject2396",2
"2397","subject2397",1
"2398","subject2398",1
"2399","subject2399",1
"2400","subject2400",2
"2401","subject2401",1
"2402","subject2402",1
"2403","subject2403",1
"2404","subject2404",1
"2405","subject2405",1
"2406","subject2406",1
"2407","subject2407",1
"2408","subject2408",1
"2409","subject2409",1
"2410","subject2410",1
"2411","subject2411",1
"2412","subject2412",1
"2413","subject2413",1
"2414","subject2414",1
"2415","subject2415",1
"2416","subject2416",1
"2417","subject2417",1
"2418","subject2418",1
"2419","subject2419",1
"2420","subject2420",1
"2421","subject2421",2
"2422","subject2422",2
"2423","subject2423",2
"2424","subject2424",1
"2425","subject2425",1
"2426","subject2426",1
"2427","subject2427",1
"2428","subject2428",1
"2429","subject2429",1
"2430","subject2430",1
"2431","subject2431",2
"2432","subject2432",2
"2433","subject2433",1
"2434","subject2434",1
"2435","subject2435",1
"2436","subject2436",2
"2437","subject2437",2
"2438","subject2438",1
"2439","subject2439",1
"2440","subject2440",1
"2441","subject2441",2
"2442","subject2442",2
"2443","subject2443",1
"2444","subject2444",2
"2445","subject2445",1
"2446","subject2446",1
"2447","subject2447",1
"2448","subject2448",1
"2449","subject2449",1
"2450","subject2450",2
"2451","subject2451",1
"2452","subject2452",1
"2453","subject2453",2
"2454","subject2454",1
"2455","subject2455",1
"2456","subject2456",1
"2457","subject2457",1
"2458","subject2458",2
"2459","subject2459",1
"2460","subject2460",1
"2461","subject2461",1
"2462","subject2462",2
"2463","subject2463",1
"2464","subject2464",1
"2465","subject2465",1
"2466","subject2466",1
"2467","subject2467",1
"2468","subject2468",1
"2469","subject2469",1
"2470","subject2470",1
"2471","subject2471",1
"2472","subject2472",1
"2473","subject2473",2
"2474","subject2474",1
"2475","subject2475",1
"2476","subject2476",1
"2477","subject2477",1
"2478","subject2478",1
"2479","subject2479",2
"2480","subject2480",1
"2481","subject2481",2
"2482","subject2482",1
"2483","subject2483",1
"2484","subject2484",1
"2485","subject2485",1
"2486","subject2486",1
"2487","subject2487",1
"2488","subject2488",1
"2489","subject2489",2
"2490","subject2490",1
"2491","subject2491",1
"2492","subject2492",1
"2493","subject2493",1
"2494","subject2494",1
"2495","subject2495",2
"2496","subject2496",1
"2497","subject2497",1
"2498","subject2498",1
"2499","subject2499",2
"2500","subject2500",2
"2501","subject2501",1
"2502","subject2502",1
"2503","subject2503",1
"2504","subject2504",1
"2505","subject2505",1
"2506","subject2506",1
"2507","subject2507",2
"2508","subject2508",1
"2509","subject2509",1
"2510","subject2510",1
"2511","subject2511",2
"2512","subject2512",1
"2513","subject2513",1
"2514","subject2514",2
"2515","subject2515",1
"2516","subject2516",1
"2517","subject2517",1
"2518","subject2518",2
"2519","subject2519",1
"2520","subject2520",1
"2521","subject2521",2
"2522","subject2522",2
"2523","subject2523",1
"2524","subject2524",1
"2525","subject2525",1
"2526","subject2526",1
"2527","subject2527",1
"2528","subject2528",1
"2529","subject2529",1
"2530","subject2530",2
"2531","subject2531",1
"2532","subject2532",1
"2533","subject2533",1
"2534","subject2534",2
"2535","subject2535",1
"2536","subject2536",2
"2537","subject2537",2
"2538","subject2538",2
"2539","subject2539",1
"2540","subject2540",1
"2541","subject2541",1
"2542","subject2542",1
"2543","subject2543",1
"2544","subject2544",1
"2545","subject2545",1
"2546","subject2546",1
"2547","subject2547",2
"2548","subject2548",1
"2549","subject2549",1
"2550","subject2550",1
"2551","subject2551",1
"2552","subject2552",1
"2553","subject2553",1
"2554","subject2554",2
"2555","subject2555",2
"2556","subject2556",1
"2557","subject2557",1
"2558","subject2558",2
"2559","subject2559",1
"2560","subject2560",1
"2561","subject2561",1
"2562","subject2562",1
"2563","subject2563",1
"2564","subject2564",1
"2565","subject2565",1
"2566","subject2566",1
"2567","subject2567",1
"2568","subject2568",1
"2569","subject2569",1
"2570","subject2570",1
"2571","subject2571",2
"2572","subject2572",1
"2573","subject2573",1
"2574","subject2574",1
"2575","subject2575",1
"2576","subject2576",1
"2577","subject2577",2
"2578","subject2578",1
"2579","subject2579",1
"2580","subject2580",1
"2581","subject2581",1
"2582","subject2582",1
"2583","subject2583",1
"2584","subject2584",1
"2585","subject2585",2
"2586","subject2586",1
"2587","subject2587",1
"2588","subject2588",2
"2589","subject2589",1
"2590","subject2590",1
"2591","subject2591",2
"2592","subject2592",1
"2593","subject2593",1
"2594","subject2594",1
"2595","subject2595",1
"2596","subject2596",1
"2597","subject2597",2
"2598","subject2598",1
"2599","subject2599",1
"2600","subject2600",1
"2601","subject2601",1
"2602","subject2602",1
"2603","subject2603",1
"2604","subject2604",1
"2605","subject2605",1
"2606","subject2606",2
"2607","subject2607",1
"2608","subject2608",1
"2609","subject2609",1
"2610","subject2610",1
"2611","subject2611",1
"2612","subject2612",1
"2613","subject2613",1
"2614","subject2614",1
"2615","subject2615",2
"2616","subject2616",2
"2617","subject2617",1
"2618","subject2618",1
"2619","subject2619",1
"2620","subject2620",1
"2621","subject2621",1
"2622","subject2622",1
"2623","subject2623",1
"2624","subject2624",2
"2625","subject2625",1
"2626","subject2626",1
"2627","subject2627",2
"2628","subject2628",1
"2629","subject2629",1
"2630","subject2630",2
"2631","subject2631",1
"2632","subject2632",1
"2633","subject2633",1
"2634","subject2634",1
"2635","subject2635",1
"2636","subject2636",1
"2637","subject2637",1
"2638","subject2638",1
"2639","subject2639",1
"2640","subject2640",1
"2641","subject2641",1
"2642","subject2642",1
"2643","subject2643",1
"2644","subject2644",1
"2645","subject2645",1
"2646","subject2646",1
"2647","subject2647",2
"2648","subject2648",1
"2649","subject2649",1
"2650","subject2650",2
"2651","subject2651",1
"2652","subject2652",1
"2653","subject2653",1
"2654","subject2654",2
"2655","subject2655",1
"2656","subject2656",1
"2657","subject2657",2
"2658","subject2658",2
"2659","subject2659",1
"2660","subject2660",1
"2661","subject2661",1
"2662","subject2662",1
"2663","subject2663",1
"2664","subject2664",1
"2665","subject2665",1
"2666","subject2666",1
"2667","subject2667",2
"2668","subject2668",1
"2669","subject2669",1
"2670","subject2670",1
"2671","subject2671",1
"2672","subject2672",2
"2673","subject2673",1
"2674","subject2674",1
"2675","subject2675",1
"2676","subject2676",1
"2677","subject2677",1
"2678","subject2678",1
"2679","subject2679",1
"2680","subject2680",1
"2681","subject2681",1
"2682","subject2682",1
"2683","subject2683",1
"2684","subject2684",1
"2685","subject2685",1
"2686","subject2686",1
"2687","subject2687",1
"2688","subject2688",2
"2689","subject2689",1
"2690","subject2690",1
"2691","subject2691",1
"2692","subject2692",1
"2693","subject2693",2
"2694","subject2694",1
"2695","subject2695",2
"2696","subject2696",1
"2697","subject2697",1
"2698","subject2698",1
"2699","subject2699",1
"2700","subject2700",1
"2701","subject2701",1
"2702","subject2702",1
"2703","subject2703",2
"2704","subject2704",1
"2705","subject2705",1
"2706","subject2706",1
"2707","subject2707",1
"2708","subject2708",1
"2709","subject2709",2
"2710","subject2710",1
"2711","subject2711",1
"2712","subject2712",2
"2713","subject2713",1
"2714","subject2714",1
"2715","subject2715",1
"2716","subject2716",2
"2717","subject2717",1
"2718","subject2718",2
"2719","subject2719",1
"2720","subject2720",1
"2721","subject2721",1
"2722","subject2722",2
"2723","subject2723",2
"2724","subject2724",2
"2725","subject2725",1
"2726","subject2726",1
"2727","subject2727",1
"2728","subject2728",1
"2729","subject2729",1
"2730","subject2730",1
"2731","subject2731",1
"2732","subject2732",1
"2733","subject2733",1
"2734","subject2734",2
"2735","subject2735",1
"2736","subject2736",1
"2737","subject2737",1
"2738","subject2738",1
"2739","subject2739",2
"2740","subject2740",2
"2741","subject2741",1
"2742","subject2742",2
"2743","subject2743",2
"2744","subject2744",1
"2745","subject2745",1
"2746","subject2746",1
"2747","subject2747",1
"2748","subject2748",1
"2749","subject2749",1
"2750","subject2750",1
"2751","subject2751",1
"2752","subject2752",1
"2753","subject2753",1
"2754","subject2754",1
"2755","subject2755",2
"2756","subject2756",2
"2757","subject2757",1
"2758","subject2758",2
"2759","subject2759",1
"2760","subject2760",1
"2761","subject2761",2
"2762","subject2762",1
"2763","subject2763",1
"2764","subject2764",1
"2765","subject2765",1
"2766","subject2766",1
"2767","subject2767",1
"2768","subject2768",1
"2769","subject2769",1
"2770","subject2770",1
"2771","subject2771",1
"2772","subject2772",1
"2773","subject2773",1
"2774","subject2774",1
"2775","subject2775",2
"2776","subject2776",1
"2777","subject2777",1
"2778","subject2778",2
"2779","subject2779",1
"2780","subject2780",1
"2781","subject2781",2
"2782","subject2782",1
"2783","subject2783",1
"2784","subject2784",2
"2785","subject2785",1
"2786","subject2786",1
"2787","subject2787",1
"2788","subject2788",1
"2789","subject2789",2
"2790","subject2790",1
"2791","subject2791",1
"2792","subject2792",1
"2793","subject2793",1
"2794","subject2794",1
"2795","subject2795",1
"2796","subject2796",1
"2797","subject2797",1
"2798","subject2798",1
"2799","subject2799",1
"2800","subject2800",1
"2801","subject2801",1
"2802","subject2802",1
"2803","subject2803",1
"2804","subject2804",1
"2805","subject2805",2
"2806","subject2806",2
"2807","subject2807",1
"2808","subject2808",2
"2809","subject2809",2
"2810","subject2810",1
"2811","subject2811",1
"2812","subject2812",1
"2813","subject2813",1
"2814","subject2814",1
"2815","subject2815",2
"2816","subject2816",1
"2817","subject2817",1
"2818","subject2818",1
"2819","subject2819",1
"2820","subject2820",1
"2821","subject2821",1
"2822","subject2822",1
"2823","subject2823",1
"2824","subject2824",1
"2825","subject2825",1
"2826","subject2826",1
"2827","subject2827",1
"2828","subject2828",1
"2829","subject2829",1
"2830","subject2830",1
"2831","subject2831",2
"2832","subject2832",1
"2833","subject2833",1
"2834","subject2834",1
"2835","subject2835",2
"2836","subject2836",1
"2837","subject2837",1
"2838","subject2838",2
"2839","subject2839",2
"2840","subject2840",1
"2841","subject2841",1
"2842","subject2842",1
"2843","subject2843",2
"2844","subject2844",1
"2845","subject2845",1
"2846","subject2846",2
"2847","subject2847",1
"2848","subject2848",1
"2849","subject2849",1
"2850","subject2850",1
"2851","subject2851",1
"2852","subject2852",1
"2853","subject2853",1
"2854","subject2854",1
"2855","subject2855",1
"2856","subject2856",1
"2857","subject2857",1
"2858","subject2858",1
"2859","subject2859",1
"2860","subject2860",1
"2861","subject2861",1
"2862","subject2862",1
"2863","subject2863",1
"2864","subject2864",1
"2865","subject2865",1
"2866","subject2866",2
"2867","subject2867",1
"2868","subject2868",1
"2869","subject2869",1
"2870","subject2870",1
"2871","subject2871",2
"2872","subject2872",1
"2873","subject2873",2
"2874","subject2874",1
"2875","subject2875",1
"2876","subject2876",2
"2877","subject2877",2
"2878","subject2878",1
"2879","subject2879",1
"2880","subject2880",2
"2881","subject2881",1
"2882","subject2882",1
"2883","subject2883",1
"2884","subject2884",1
"2885","subject2885",1
"2886","subject2886",1
"2887","subject2887",1
"2888","subject2888",1
"2889","subject2889",1
"2890","subject2890",1
"2891","subject2891",1
"2892","subject2892",1
"2893","subject2893",1
"2894","subject2894",2
"2895","subject2895",1
"2896","subject2896",2
"2897","subject2897",1
"2898","subject2898",1
"2899","subject2899",1
"2900","subject2900",2
"2901","subject2901",1
"2902","subject2902",1
"2903","subject2903",1
"2904","subject2904",1
"2905","subject2905",1
"2906","subject2906",1
"2907","subject2907",1
"2908","subject2908",1
"2909","subject2909",2
"2910","subject2910",1
"2911","subject2911",1
"2912","subject2912",2
"2913","subject2913",1
"2914","subject2914",1
"2915","subject2915",1
"2916","subject2916",2
"2917","subject2917",1
"2918","subject2918",2
"2919","subject2919",1
"2920","subject2920",1
"2921","subject2921",2
"2922","subject2922",1
"2923","subject2923",1
"2924","subject2924",1
"2925","subject2925",1
"2926","subject2926",1
"2927","subject2927",1
"2928","subject2928",1
"2929","subject2929",1
"2930","subject2930",1
"2931","subject2931",1
"2932","subject2932",2
"2933","subject2933",2
"2934","subject2934",1
"2935","subject2935",1
"2936","subject2936",2
"2937","subject2937",1
"2938","subject2938",1
"2939","subject2939",1
"2940","subject2940",1
"2941","subject2941",1
"2942","subject2942",1
"2943","subject2943",2
"2944","subject2944",1
"2945","subject2945",1
"2946","subject2946",1
"2947","subject2947",2
"2948","subject2948",1
"2949","subject2949",2
"2950","subject2950",1
"2951","subject2951",1
"2952","subject2952",2
"2953","subject2953",2
"2954","subject2954",1
"2955","subject2955",2
"2956","subject2956",1
"2957","subject2957",1
"2958","subject2958",1
"2959","subject2959",1
"2960","subject2960",1
"2961","subject2961",1
"2962","subject2962",1
"2963","subject2963",1
"2964","subject2964",1
"2965","subject2965",1
"2966","subject2966",1
"2967","subject2967",1
"2968","subject2968",1
"2969","subject2969",1
"2970","subject2970",2
"2971","subject2971",2
"2972","subject2972",2
"2973","subject2973",2
"2974","subject2974",1
"2975","subject2975",1
"2976","subject2976",1
"2977","subject2977",1
"2978","subject2978",1
"2979","subject2979",1
"2980","subject2980",2
"2981","subject2981",1
"2982","subject2982",1
"2983","subject2983",1
"2984","subject2984",1
"2985","subject2985",2
"2986","subject2986",1
"2987","subject2987",1
"2988","subject2988",1
"2989","subject2989",1
"2990","subject2990",1
"2991","subject2991",1
"2992","subject2992",1
"2993","subject2993",1
"2994","subject2994",1
"2995","subject2995",1
"2996","subject2996",1
"2997","subject2997",1
"2998","subject2998",1
"2999","subject2999",1
"3000","subject3000",1
